x,y,z,EA (lb),EI_yy (lb-in^2),EI_zz (lb-in^2),EI_yz (lb-in^2),GJ (lb-in^2),Gak_y,Gak_z,A [in^2]
1,0,0.1,1,2.01,4.02,0,2,0.833333333,0.833333333,0.5
2,0,0.1,2,4.02,8.04,0,4,1.666666667,1.666666667,1
3,0,0.3,3,6.27,12.54,0,6,2.5,2.5,1.5
4,0,0.2,4,8.16,16.32,0,8,3.333333333,3.333333333,2
5,0,0.1,5,10.05,20.1,0,10,4.166666667,4.166666667,2.5
